{
    "search": {
        "templates": {
            "Equity": {
                "description": "Search for Ordinary Shares of a particular exchange.",
                "parameters": {
                    "what": {
                        "description": "What to search for",
                        "default": ""
                    },
                    "exchange_name": {
                        "description": "Name of the exchange where this equity is traded. For example: 'London Stock Exchange', 'Euronext Paris', 'Shanghai Stock Exchange', 'The Toronto Stock Exchange', 'NYSE Consolidated', etc.",
                        "optional":true
                    }
                },
                "request_body": {
                   "Query":"#{what}",
                   "Filter":"AssetState ne 'DC' and SearchAllCategoryv2 eq 'Equities' {{if exchange_name is defined}} and ExchangeName xeq '#{exchange_name}'{{endif}} and RCSAssetCategoryGenealogy eq 'A:1L'",
                   "Select": "DTSubjectName,ExchangeName,RIC,MktCapCompanyUsd,ShareholdersEquityUsd,Pe,DebtToAssets,Beta,Eps,Gics,EpsGrowth5Y,RevenueGrowth5Y,DivYld,EstDivYldFy1,EstDivYldFy2,TotalAssetsUsd,TotalLiabilitiesUsd,PretaxProfitMargin,Roe,PeRelIndex,DivYldHigh,DivYldRelIndex,SolvencyMargin,PricePctChg3MRelIndex,PricePctChgYtdRelIndex,Volatility30D,Volatility200D,EstEpsFy1,EstEpsFy2,ExDividendDate,RCSIssuerCountryLeaf,RCSIssuerCountryGenealogy,RCSAssetCategoryGenealogy,SearchAllCategoryv3,SearchAllCategoryv2,SearchAllCategory,RCSAssetCategory,RCSCurrencyLeaf,AssetState,BusinessEntity,PI,IssueISIN,CUSIP,CinCUSIP,SEDOL",
                   "Top":10000,
                   "Skip":0,
                   "GroupCount":3,
                   "View":"EquityQuotes"
                }
            },
            "Mines": {
                "description": "Find coordinates of mines in a region.",
                "parameters": {
                    "commodity": {
                        "description": "Commodity extracted from the mine. For example: 'Gold', 'Nickel', 'Zinc', 'Cooper', 'Palladium', 'Lead', etc.",
                        "optional":true
                    },
                    "region": {
                        "description": "Region to search in. For example: 'Botswana', 'Brazil', 'Canada', 'Chile', 'Costa Rica', 'Cuba', 'United States', 'Guyana', 'Peru', 'South Africa', etc",
                        "optional":true
                    }                    
                },
                "request_body": {
                   "Filter":"RCSAssetTypeLeaf eq 'Mine' {{if commodity is defined}} and RCSCommodityTypeLeaf xeq '#{commodity}'{{endif}} {{if region is defined}} and RCSRegionLeaf eq '#{region}'{{endif}}",
                   "Select":"RIC,RCSRegionLeaf,RCSCommodityTypeLeaf,DTSubjectName,PhysicalAssetStatus,Latitude,Longitude",
                   "Top":10000,
                   "Skip":0,
                   "GroupCount":3,
                   "View":"PhysicalAssets"
                }
            },
            "VesselsBoundFor": {
                "description": "Search for vessels heading to a destination.",
                "parameters": {
                    "destination": {
                        "description": "Vessel's destination",
                        "optional":true
                    }
                },
                "request_body": {
                   "Filter":"AISStatus ne null and AISStatus ne 'Moored' and AISStatus ne '*defined*' {{if destination is defined}} and DestinationPort eq '#{destination}'{{endif}}",
                   "OrderBy":"GrossTonnage desc",
                   "Select":"RIC,DestinationPort,DTSubjectName,DTSimpleType,AISStatus,GrossTonnage,Latitude,Longitude",
                   "Top":500,
                   "Skip":0,
                   "GroupCount":3,
                   "View":"VesselPhysicalAssets"
                }
            }
        }
    }
}
